StartDate,EndDate,Status,IPAddress,Progress,Duration (in seconds),Finished,RecordedDate,ResponseId,RecipientLastName,RecipientFirstName,RecipientEmail,ExternalReference,LocationLatitude,LocationLongitude,DistributionChannel,UserLanguage,Q12,Q62,Q64,Q66,RatingBlock_DO
Start Date,End Date,Response Type,IP Address,Progress,Duration (in seconds),Finished,Recorded Date,Response ID,Recipient Last Name,Recipient First Name,Recipient Email,External Data Reference,Location Latitude,Location Longitude,Distribution Channel,User Language,"I consent to the use of my responses in a summarized for form in research reports, presentations, and/or publications.",Please rate this passage on a scale of very liberal to very conservative.,Was this text AI-generated or human-generated?,How confident are you in your answer to the previous question on a scale of very confident to very unconfident?,Rating Block - Display Order
"{""ImportId"":""startDate"",""timeZone"":""America/Denver""}","{""ImportId"":""endDate"",""timeZone"":""America/Denver""}","{""ImportId"":""status""}","{""ImportId"":""ipAddress""}","{""ImportId"":""progress""}","{""ImportId"":""duration""}","{""ImportId"":""finished""}","{""ImportId"":""recordedDate"",""timeZone"":""America/Denver""}","{""ImportId"":""_recordId""}","{""ImportId"":""recipientLastName""}","{""ImportId"":""recipientFirstName""}","{""ImportId"":""recipientEmail""}","{""ImportId"":""externalDataReference""}","{""ImportId"":""locationLatitude""}","{""ImportId"":""locationLongitude""}","{""ImportId"":""distributionChannel""}","{""ImportId"":""userLanguage""}","{""ImportId"":""QID12""}","{""ImportId"":""QID62""}","{""ImportId"":""QID64""}","{""ImportId"":""QID66""}","{""ImportId"":""BL_23QdcfHiveEwWcC_DO""}"
12/12/2024 15:50,12/12/2024 15:50,Survey Preview,,100,17,TRUE,12/12/2024 15:50,R_7BQ0m5ItAbohZy0,,,,,42.3737,-71.1284,preview,EN,I Agree,Liberal,Human-generated,Neutral,Q98|Q74|Q62
12/12/2024 16:04,12/12/2024 16:05,IP Address,107.180.162.68,100,55,TRUE,12/12/2024 16:05,R_6QEDoIsieQ34ZrS,,,,,37.751,-97.822,anonymous,EN,I Agree,Very liberal,AI-generated,Very confident,Q98|Q74|Q62
12/12/2024 16:04,12/12/2024 16:05,IP Address,83.191.109.98,100,61,TRUE,12/12/2024 16:05,R_2ruHjSRORPnYzoO,,,,,57.7065,11.967,anonymous,EN,I Agree,Conservative,AI-generated,Somewhat unconfident,Q98|Q83|Q62
12/12/2024 16:04,12/12/2024 16:05,IP Address,213.134.183.17,100,49,TRUE,12/12/2024 16:05,R_22RNJQTz2J4KLay,,,,,52.2376,20.9937,anonymous,EN,I Agree,Neutral,AI-generated,Very confident,Q98|Q79|Q62
12/12/2024 16:04,12/12/2024 16:05,IP Address,83.31.176.234,100,23,TRUE,12/12/2024 16:05,R_8GqwLDCz2O59RYZ,,,,,51.2434,22.5487,anonymous,EN,I Agree,Conservative,Human-generated,Somewhat unconfident,Q98|Q69|Q62
12/12/2024 16:04,12/12/2024 16:05,IP Address,79.117.152.45,100,27,TRUE,12/12/2024 16:05,R_8VkbClgIFvCYOVr,,,,,42.8198,-1.6374,anonymous,EN,I Agree,Conservative,AI-generated,Very confident,Q98|Q74|Q62
12/12/2024 16:04,12/12/2024 16:05,IP Address,88.207.58.229,100,75,TRUE,12/12/2024 16:05,R_2MzLFFwBfZ6tmRQ,,,,,43.5098,16.4411,anonymous,EN,I Agree,Conservative,AI-generated,Somewhat confident,Q98|Q80|Q62
12/12/2024 16:05,12/12/2024 16:05,IP Address,85.243.140.252,100,29,TRUE,12/12/2024 16:05,R_2PYFUpKWiaugbYS,,,,,38.7584,-9.2495,anonymous,EN,I Agree,Liberal,AI-generated,Somewhat confident,Q98|Q89|Q62
12/12/2024 16:05,12/12/2024 16:05,IP Address,91.232.164.120,100,24,TRUE,12/12/2024 16:05,R_2CO6HO7jwS0SCgQ,,,,,50.1881,20.2803,anonymous,EN,I Agree,Liberal,Human-generated,Somewhat confident,Q98|Q85|Q62
12/12/2024 16:04,12/12/2024 16:05,IP Address,92.11.111.107,100,63,TRUE,12/12/2024 16:05,R_29TJdJwS8sPvBKx,,,,,51.4098,-0.0249,anonymous,EN,I Agree,Very conservative,Human-generated,Neutral,Q98|Q96|Q62
12/12/2024 16:05,12/12/2024 16:05,IP Address,189.157.67.150,100,39,TRUE,12/12/2024 16:05,R_3wnpaaCBAs8aPa1,,,,,22.1608,-100.9657,anonymous,EN,I Agree,Conservative,AI-generated,Somewhat confident,Q98|Q69|Q62
12/12/2024 16:05,12/12/2024 16:05,IP Address,75.152.219.25,100,25,TRUE,12/12/2024 16:05,R_5Y7isijMvmRyVuF,,,,,51.0455,-114.1988,anonymous,EN,I Agree,Conservative,Human-generated,Somewhat confident,Q98|Q91|Q62
12/12/2024 16:05,12/12/2024 16:05,IP Address,5.249.62.128,100,45,TRUE,12/12/2024 16:05,R_2P5bY3d7VKSg2rv,,,,,38.752,-9.2279,anonymous,EN,I Agree,Neutral,Human-generated,Neutral,Q98|Q82|Q62
12/12/2024 16:05,12/12/2024 16:05,IP Address,190.95.47.74,100,45,TRUE,12/12/2024 16:05,R_35XxYLtXAxOk2r8,,,,,-36.8335,-73.0487,anonymous,EN,I Agree,Conservative,Human-generated,Somewhat confident,Q98|Q93|Q62
12/12/2024 16:04,12/12/2024 16:06,IP Address,84.65.70.34,100,80,TRUE,12/12/2024 16:06,R_2b13fOAAwVbeuwh,,,,,51.532,0.0884,anonymous,EN,I Agree,Very conservative,Human-generated,Neutral,Q98|Q67|Q62
12/12/2024 16:05,12/12/2024 16:06,IP Address,80.102.138.232,100,23,TRUE,12/12/2024 16:06,R_2D5nc2QuG2fzICz,,,,,39.2796,-0.4296,anonymous,EN,I Agree,Liberal,Human-generated,Somewhat confident,Q98|Q80|Q62
12/12/2024 16:05,12/12/2024 16:06,IP Address,94.227.67.179,100,36,TRUE,12/12/2024 16:06,R_2zVpjxicpVwmbF7,,,,,51.024,4.4834,anonymous,EN,I Agree,Liberal,Human-generated,Somewhat confident,Q98|Q78|Q62
12/12/2024 16:05,12/12/2024 16:06,IP Address,86.40.233.10,100,29,TRUE,12/12/2024 16:06,R_2LCIvUKeHHApMHJ,,,,,51.7111,-8.5317,anonymous,EN,I Agree,Neutral,AI-generated,Somewhat unconfident,Q98|Q74|Q62
12/12/2024 16:05,12/12/2024 16:06,IP Address,191.113.255.156,100,39,TRUE,12/12/2024 16:06,R_54NuYrkKOxOwza2,,,,,-33.4521,-70.6536,anonymous,EN,I Agree,Neutral,Human-generated,Somewhat unconfident,Q98|Q94|Q62
12/12/2024 16:05,12/12/2024 16:06,IP Address,89.101.22.92,100,34,TRUE,12/12/2024 16:06,R_2Xnx1jr8fwuOxYZ,,,,,53.3499,-6.3568,anonymous,EN,I Agree,Liberal,Human-generated,Somewhat confident,Q98|Q97|Q62
12/12/2024 16:05,12/12/2024 16:06,IP Address,83.31.86.113,100,28,TRUE,12/12/2024 16:06,R_8vYBDoJaqdoZ73I,,,,,52.2296,21.0067,anonymous,EN,I Agree,Neutral,Human-generated,Neutral,Q98|Q80|Q62
12/12/2024 16:05,12/12/2024 16:06,IP Address,204.112.200.97,100,40,TRUE,12/12/2024 16:06,R_5QPBCJFwvAFrCeP,,,,,49.9514,-97.1133,anonymous,EN,I Agree,Very conservative,AI-generated,Neutral,Q98|Q15|Q62
12/12/2024 16:05,12/12/2024 16:06,IP Address,72.139.192.107,100,89,TRUE,12/12/2024 16:06,R_61i8lVa4O2S4Mh3,,,,,43.7387,-79.7271,anonymous,EN,I Agree,Neutral,Human-generated,Somewhat confident,Q98|Q91|Q62
12/12/2024 16:05,12/12/2024 16:06,IP Address,194.210.240.248,100,71,TRUE,12/12/2024 16:06,R_23vEeVgx4jP3Ft3,,,,,39.4703,-8.4504,anonymous,EN,I Agree,Liberal,AI-generated,Somewhat confident,Q98|Q77|Q62
12/12/2024 16:05,12/12/2024 16:06,IP Address,94.60.245.220,100,52,TRUE,12/12/2024 16:06,R_8fkstoYS3Dg27DA,,,,,41.1459,-8.6169,anonymous,EN,I Agree,Neutral,AI-generated,Somewhat unconfident,Q98|Q96|Q62
12/12/2024 16:05,12/12/2024 16:06,IP Address,98.180.211.229,100,40,TRUE,12/12/2024 16:06,R_5VDu5WzATHcTIF8,,,,,36.4691,-94.3219,anonymous,EN,I Agree,Very conservative,Human-generated,Neutral,Q98|Q75|Q62
12/12/2024 16:06,12/12/2024 16:06,IP Address,177.228.68.179,100,37,TRUE,12/12/2024 16:06,R_6S3YJO649HMwTIJ,,,,,29.1208,-110.838,anonymous,EN,I Agree,Liberal,AI-generated,Somewhat confident,Q98|Q80|Q62
12/12/2024 16:05,12/12/2024 16:06,IP Address,86.33.94.174,100,54,TRUE,12/12/2024 16:06,R_2L1MPPNRdbAQNQR,,,,,45.8293,15.9793,anonymous,EN,I Agree,Neutral,AI-generated,Neutral,Q98|Q82|Q62
12/12/2024 16:06,12/12/2024 16:06,IP Address,41.121.42.220,100,42,TRUE,12/12/2024 16:06,R_2KloDXuLz2Yy3lY,,,,,-25.7599,28.2604,anonymous,EN,I Agree,Very conservative,Human-generated,Very confident,Q98|Q89|Q62
12/12/2024 16:05,12/12/2024 16:06,IP Address,32.221.176.205,100,74,TRUE,12/12/2024 16:06,R_5rNVtS4jrLVLrEE,,,,,41.8237,-72.6212,anonymous,EN,I Agree,Neutral,Human-generated,Somewhat unconfident,Q98|Q76|Q62
12/12/2024 16:06,12/12/2024 16:06,IP Address,82.30.174.39,100,36,TRUE,12/12/2024 16:06,R_2abFQkwNCR56rmF,,,,,54.5396,-5.975,anonymous,EN,I Agree,Conservative,AI-generated,Somewhat confident,Q98|Q78|Q62
12/12/2024 16:05,12/12/2024 16:06,IP Address,78.147.9.59,100,59,TRUE,12/12/2024 16:06,R_2tFgxxWVI7kd5Ro,,,,,51.7328,-4.1158,anonymous,EN,I Agree,Conservative,Human-generated,Neutral,Q98|Q88|Q62
12/12/2024 16:05,12/12/2024 16:06,IP Address,152.174.221.112,100,62,TRUE,12/12/2024 16:06,R_1obyeBEUsSnqZp3,,,,,-27.3722,-70.3386,anonymous,EN,I Agree,Conservative,AI-generated,Somewhat confident,Q98|Q83|Q62
12/12/2024 16:05,12/12/2024 16:06,IP Address,83.6.28.181,100,100,TRUE,12/12/2024 16:06,R_2B8Pd7od8mrmRjP,,,,,53.7305,20.5055,anonymous,EN,I Agree,Very liberal,AI-generated,Somewhat unconfident,Q98|Q76|Q62
12/12/2024 16:05,12/12/2024 16:06,IP Address,84.225.148.41,100,80,TRUE,12/12/2024 16:06,R_2AYbawAKVn61LhG,,,,,47.5636,19.0947,anonymous,EN,I Agree,Conservative,Human-generated,Somewhat confident,Q98|Q70|Q62
12/12/2024 16:05,12/12/2024 16:07,IP Address,41.144.40.1,100,67,TRUE,12/12/2024 16:07,R_2OkSpAYKf6Cybhp,,,,,-29.8556,31.0449,anonymous,EN,I Agree,Neutral,AI-generated,Somewhat confident,Q98|Q85|Q62
12/12/2024 16:06,12/12/2024 16:07,IP Address,142.112.183.43,100,49,TRUE,12/12/2024 16:07,R_7n8aZFCG2RMuZzZ,,,,,42.9979,-81.2602,anonymous,EN,I Agree,Liberal,Human-generated,Somewhat confident,Q98|Q94|Q62
12/12/2024 16:05,12/12/2024 16:07,IP Address,86.162.222.132,100,65,TRUE,12/12/2024 16:07,R_2jJ7QzIPA96oC41,,,,,52.7068,-2.7641,anonymous,EN,I Agree,Very liberal,AI-generated,Neutral,Q98|Q84|Q62
12/12/2024 16:05,12/12/2024 16:07,IP Address,185.92.96.97,100,99,TRUE,12/12/2024 16:07,R_2MG9QVqDVHYm4Mw,,,,,38.731,-9.1373,anonymous,EN,I Agree,Neutral,Human-generated,Somewhat confident,Q98|Q73|Q62
12/12/2024 16:06,12/12/2024 16:07,IP Address,65.93.22.141,100,31,TRUE,12/12/2024 16:07,R_7sZJIfYbqTP92et,,,,,43.474,-80.554,anonymous,EN,I Agree,Conservative,AI-generated,Very confident,Q98|Q95|Q62
12/12/2024 16:06,12/12/2024 16:07,IP Address,93.66.99.209,100,35,TRUE,12/12/2024 16:07,R_2sVTfD2F27AWZ8t,,,,,45.4722,9.1922,anonymous,EN,I Agree,Neutral,AI-generated,Somewhat unconfident,Q98|Q76|Q62
12/12/2024 16:06,12/12/2024 16:07,IP Address,98.250.58.69,100,52,TRUE,12/12/2024 16:07,R_72wWZtfsnZeBUYF,,,,,42.6584,-83.2364,anonymous,EN,I Agree,Liberal,AI-generated,Somewhat confident,Q98|Q96|Q62
12/12/2024 16:06,12/12/2024 16:07,IP Address,190.101.161.118,100,62,TRUE,12/12/2024 16:07,R_7OL1JDqvAKe3BHb,,,,,-33.4521,-70.6536,anonymous,EN,I Agree,Neutral,AI-generated,Somewhat unconfident,Q98|Q92|Q62
12/12/2024 16:06,12/12/2024 16:07,IP Address,89.114.76.175,100,44,TRUE,12/12/2024 16:07,R_2xDUOn4rrLE8Qy7,,,,,41.5515,-8.4204,anonymous,EN,I Agree,Liberal,Human-generated,Somewhat confident,Q98|Q97|Q62
12/12/2024 16:06,12/12/2024 16:07,IP Address,86.137.87.38,100,62,TRUE,12/12/2024 16:07,R_2PbfienvxGaFl2b,,,,,53.9275,-3.0053,anonymous,EN,I Agree,Neutral,AI-generated,Somewhat confident,Q98|Q69|Q62
12/12/2024 16:06,12/12/2024 16:07,IP Address,37.201.145.245,100,60,TRUE,12/12/2024 16:07,R_2R4VVim69lv0TZD,,,,,51.7174,8.7411,anonymous,EN,I Agree,Conservative,Human-generated,Somewhat confident,Q98|Q94|Q62
12/12/2024 16:06,12/12/2024 16:07,IP Address,31.54.97.11,100,52,TRUE,12/12/2024 16:07,R_8JqNH9PVnSondfh,,,,,51.5667,-1.1985,anonymous,EN,I Agree,Conservative,Human-generated,Neutral,Q98|Q96|Q62
12/12/2024 16:06,12/12/2024 16:07,IP Address,37.188.83.135,100,67,TRUE,12/12/2024 16:07,R_8rQMN75i02R5z8J,,,,,47.1882,18.4089,anonymous,EN,I Agree,Conservative,AI-generated,Very confident,Q98|Q72|Q62
12/12/2024 16:06,12/12/2024 16:07,IP Address,148.71.196.193,100,63,TRUE,12/12/2024 16:07,R_8nTUj2UkH2AbHQg,,,,,41.177,-8.5612,anonymous,EN,I Agree,Very conservative,Human-generated,Very unconfident,Q98|Q67|Q62
12/12/2024 16:05,12/12/2024 16:07,IP Address,142.113.13.222,100,83,TRUE,12/12/2024 16:07,R_3pPooi5zemSDGT7,,,,,45.4408,-73.7779,anonymous,EN,I Agree,Liberal,Human-generated,Somewhat confident,Q98|Q76|Q62
12/12/2024 16:06,12/12/2024 16:07,IP Address,188.81.139.17,100,44,TRUE,12/12/2024 16:07,R_2cbyt07xttvrkyg,,,,,40.5373,-7.2657,anonymous,EN,I Agree,Conservative,AI-generated,Somewhat confident,Q98|Q70|Q62
12/12/2024 16:06,12/12/2024 16:07,IP Address,87.19.178.79,100,54,TRUE,12/12/2024 16:07,R_8pnnsEF8BtvWdeV,,,,,42.353,14.1636,anonymous,EN,I Agree,Neutral,AI-generated,Somewhat confident,Q98|Q79|Q62
12/12/2024 16:06,12/12/2024 16:07,IP Address,106.101.2.187,100,65,TRUE,12/12/2024 16:07,R_4S8qrX2znNwXbvo,,,,,37.5529,126.9502,anonymous,EN,I Agree,Neutral,AI-generated,Neutral,Q98|Q80|Q62
12/12/2024 16:07,12/12/2024 16:07,IP Address,41.121.42.220,100,23,TRUE,12/12/2024 16:07,R_2Wv5GMeHcXcfPA1,,,,,-25.7599,28.2604,anonymous,EN,I Agree,Very liberal,Human-generated,Neutral,Q98|Q90|Q62
12/12/2024 16:05,12/12/2024 16:07,IP Address,66.29.195.122,100,92,TRUE,12/12/2024 16:07,R_1MVXw4aNY6DdkzG,,,,,41.3187,-81.8318,anonymous,EN,I Agree,Conservative,AI-generated,Neutral,Q98|Q88|Q62
12/12/2024 16:06,12/12/2024 16:07,IP Address,62.83.170.187,100,68,TRUE,12/12/2024 16:07,R_2PIcwH74ksqqpBy,,,,,41.2229,1.5309,anonymous,EN,I Agree,Conservative,AI-generated,Somewhat confident,Q98|Q92|Q62
12/12/2024 16:06,12/12/2024 16:07,IP Address,212.15.176.169,100,75,TRUE,12/12/2024 16:07,R_23CMjA6O8AiSuP2,,,,,45.1653,15.5037,anonymous,EN,I Agree,Liberal,AI-generated,Somewhat confident,Q98|Q74|Q62
12/12/2024 16:06,12/12/2024 16:07,IP Address,24.244.23.29,100,48,TRUE,12/12/2024 16:07,R_7BPf1uCi8sbHN3r,,,,,49.2476,-123.1234,anonymous,EN,I Agree,Very liberal,Human-generated,Somewhat confident,Q98|Q96|Q62
12/12/2024 16:06,12/12/2024 16:07,IP Address,82.149.10.51,100,56,TRUE,12/12/2024 16:07,R_871C8bSlfLPocU1,,,,,46.5554,15.6465,anonymous,EN,I Agree,Conservative,Human-generated,Somewhat confident,Q98|Q67|Q62
12/12/2024 16:06,12/12/2024 16:07,IP Address,105.245.112.3,100,75,TRUE,12/12/2024 16:07,R_2m6bwt1lmtVbVkZ,,,,,-25.7599,28.2604,anonymous,EN,I Agree,Conservative,Human-generated,Somewhat unconfident,Q98|Q96|Q62
12/12/2024 16:05,12/12/2024 16:07,IP Address,95.93.199.115,100,115,TRUE,12/12/2024 16:07,R_2gBJTFihNmRdPcM,,,,,38.52,-8.8859,anonymous,EN,I Agree,Neutral,AI-generated,Somewhat confident,Q98|Q83|Q62
12/12/2024 16:06,12/12/2024 16:07,IP Address,46.120.182.232,100,76,TRUE,12/12/2024 16:07,R_20ZAbBx6StzUU9Z,,,,,32.1865,34.8726,anonymous,EN,I Agree,Liberal,Human-generated,Somewhat unconfident,Q98|Q83|Q62
12/12/2024 16:05,12/12/2024 16:07,IP Address,99.240.96.125,100,123,TRUE,12/12/2024 16:07,R_3ru6H0DOYP4lADL,,,,,43.877,-79.2262,anonymous,EN,I Agree,Very conservative,Human-generated,Somewhat confident,Q98|Q70|Q62
12/12/2024 16:06,12/12/2024 16:07,IP Address,189.172.178.76,100,88,TRUE,12/12/2024 16:07,R_53z4p6brKPSPko9,,,,,20.967,-89.6238,anonymous,EN,I Agree,Conservative,Human-generated,Very unconfident,Q98|Q70|Q62
12/12/2024 16:06,12/12/2024 16:07,IP Address,79.168.15.101,100,92,TRUE,12/12/2024 16:07,R_2M1omNn13gGlRLz,,,,,38.731,-9.1373,anonymous,EN,I Agree,Neutral,Human-generated,Neutral,Q98|Q92|Q62
12/12/2024 16:06,12/12/2024 16:07,IP Address,142.167.56.54,100,104,TRUE,12/12/2024 16:07,R_5S671OJtNGuR37r,,,,,44.6283,-63.5928,anonymous,EN,I Agree,Neutral,Human-generated,Somewhat confident,Q98|Q89|Q62
12/12/2024 16:06,12/12/2024 16:07,IP Address,93.172.162.75,100,110,TRUE,12/12/2024 16:07,R_4tPuK1DJJo1i3Gp,,,,,32.0803,34.7805,anonymous,EN,I Agree,Very conservative,Human-generated,Somewhat unconfident,Q98|Q85|Q62
12/12/2024 16:06,12/12/2024 16:07,IP Address,37.248.159.234,100,108,TRUE,12/12/2024 16:07,R_2DUMBJxBEqjs8P4,,,,,52.4211,16.9599,anonymous,EN,I Agree,Liberal,Human-generated,Somewhat unconfident,Q98|Q84|Q62
12/12/2024 16:05,12/12/2024 16:08,IP Address,194.152.27.43,100,158,TRUE,12/12/2024 16:08,R_8hA4EaZEzeU7miH,,,,,46.5554,15.6465,anonymous,EN,I Agree,Liberal,AI-generated,Somewhat confident,Q98|Q97|Q62
12/12/2024 16:06,12/12/2024 16:08,IP Address,86.161.39.195,100,76,TRUE,12/12/2024 16:08,R_21luSC2ogki8QGR,,,,,51.3997,-0.2515,anonymous,EN,I Agree,Liberal,AI-generated,Neutral,Q98|Q76|Q62
12/12/2024 16:06,12/12/2024 16:08,IP Address,162.156.86.117,100,80,TRUE,12/12/2024 16:08,R_3mgbD8Q9pDjd36w,,,,,49.2114,-124.0201,anonymous,EN,I Agree,Very liberal,Human-generated,Neutral,Q98|Q86|Q62
12/12/2024 16:06,12/12/2024 16:08,IP Address,41.150.48.11,100,74,TRUE,12/12/2024 16:08,R_27ot7hgE4eiWuY1,,,,,-25.7599,28.2604,anonymous,EN,I Agree,Neutral,Human-generated,Somewhat confident,Q98|Q82|Q62
12/12/2024 16:06,12/12/2024 16:08,IP Address,207.194.94.172,100,110,TRUE,12/12/2024 16:08,R_3lKcjMJxrYAKk1G,,,,,49.2958,-123.141,anonymous,EN,I Agree,Liberal,Human-generated,Somewhat unconfident,Q98|Q89|Q62
12/12/2024 16:06,12/12/2024 16:08,IP Address,188.167.250.70,100,113,TRUE,12/12/2024 16:08,R_8vbaAbT0mdXwza9,,,,,48.157,17.0915,anonymous,EN,I Agree,Neutral,AI-generated,Neutral,Q98|Q92|Q62
12/12/2024 16:06,12/12/2024 16:08,IP Address,142.127.4.147,100,123,TRUE,12/12/2024 16:08,R_3YPN0ruWluNe1qi,,,,,44.46,-79.5141,anonymous,EN,I Agree,Conservative,Human-generated,Somewhat unconfident,Q98|Q72|Q62
12/12/2024 16:06,12/12/2024 16:08,IP Address,197.184.165.150,100,99,TRUE,12/12/2024 16:08,R_2XtfXnXDvlsmlY5,,,,,-26.2309,28.0583,anonymous,EN,I Agree,Conservative,AI-generated,Somewhat confident,Q98|Q87|Q62
12/12/2024 16:06,12/12/2024 16:08,IP Address,86.144.55.210,100,121,TRUE,12/12/2024 16:08,R_8VUDOouXDMAlSg1,,,,,53.0674,-0.8225,anonymous,EN,I Agree,Liberal,AI-generated,Neutral,Q98|Q97|Q62
12/12/2024 16:07,12/12/2024 16:08,IP Address,109.203.162.109,100,82,TRUE,12/12/2024 16:08,R_2A0qq2k5Gu2FQzL,,,,,51.5074,-0.1196,anonymous,EN,I Agree,Very conservative,AI-generated,Somewhat confident,Q98|Q91|Q62
12/12/2024 16:06,12/12/2024 16:08,IP Address,91.80.10.165,100,116,TRUE,12/12/2024 16:08,R_8DSGGw3de9qm76O,,,,,41.8904,12.5126,anonymous,EN,I Agree,Very liberal,Human-generated,Somewhat confident,Q98|Q96|Q62
12/12/2024 16:05,12/12/2024 16:08,IP Address,105.244.17.68,100,196,TRUE,12/12/2024 16:08,R_2DQ51nRkbRxMVFf,,,,,-26.2477,28.4037,anonymous,EN,I Agree,Neutral,AI-generated,Neutral,Q98|Q15|Q62
12/12/2024 16:05,12/12/2024 16:08,IP Address,160.5.250.82,100,180,TRUE,12/12/2024 16:08,R_2ZB86yigom7Q91v,,,,,53.0169,-2.2369,anonymous,EN,I Agree,Conservative,Human-generated,Somewhat confident,Q98|Q70|Q62
12/12/2024 16:05,12/12/2024 16:08,IP Address,108.173.223.131,100,169,TRUE,12/12/2024 16:08,R_5pv315BHPyQEwtb,,,,,51.3062,-114.0394,anonymous,EN,I Agree,Neutral,AI-generated,Very confident,Q98|Q82|Q62
12/12/2024 16:05,12/12/2024 16:09,IP Address,86.145.76.18,100,187,TRUE,12/12/2024 16:09,R_2n2PBoKrkHMdeZL,,,,,51.4781,-0.0279,anonymous,EN,I Agree,Very conservative,AI-generated,Somewhat confident,Q98|Q67|Q62
12/12/2024 16:06,12/12/2024 16:09,IP Address,41.122.129.251,100,170,TRUE,12/12/2024 16:09,R_2FFDNoaGpBavWCJ,,,,,-26.2309,28.0583,anonymous,EN,I Agree,Liberal,AI-generated,Very confident,Q98|Q67|Q62
12/12/2024 16:06,12/12/2024 16:09,IP Address,189.139.38.155,100,158,TRUE,12/12/2024 16:09,R_6O2n6rVaIWWG5Xz,,,,,19.6371,-99.1958,anonymous,EN,I Agree,Conservative,Human-generated,Neutral,Q98|Q92|Q62
12/12/2024 16:06,12/12/2024 16:09,IP Address,163.116.164.119,100,183,TRUE,12/12/2024 16:09,R_2UWbezihPkvmUeS,,,,,-26.2309,28.0583,anonymous,EN,I Agree,Conservative,AI-generated,Somewhat confident,Q98|Q80|Q62
12/12/2024 16:06,12/12/2024 16:09,IP Address,85.255.235.173,100,168,TRUE,12/12/2024 16:09,R_8V1uGWpMT52wj9X,,,,,51.4964,-0.1224,anonymous,EN,I Agree,Liberal,AI-generated,Somewhat confident,Q98|Q88|Q62
12/12/2024 16:06,12/12/2024 16:09,IP Address,78.0.169.195,100,225,TRUE,12/12/2024 16:09,R_2PnH1fTUpfuRzvm,,,,,45.8293,15.9793,anonymous,EN,I Agree,Neutral,Human-generated,Somewhat unconfident,Q98|Q80|Q62
12/12/2024 16:05,12/12/2024 16:09,IP Address,41.150.48.201,100,239,TRUE,12/12/2024 16:09,R_2Odm5e552BYFRi6,,,,,-25.7599,28.2604,anonymous,EN,I Agree,Neutral,Human-generated,Somewhat confident,Q98|Q89|Q62
12/12/2024 16:08,12/12/2024 16:09,IP Address,197.184.165.150,100,59,TRUE,12/12/2024 16:09,R_2QMhW7GDsu57GGN,,,,,-26.2309,28.0583,anonymous,EN,I Agree,Conservative,AI-generated,Somewhat confident,Q98|Q94|Q62
12/12/2024 16:07,12/12/2024 16:10,IP Address,41.116.33.178,100,172,TRUE,12/12/2024 16:10,R_2gigmUSloUX4kSt,,,,,-26.2309,28.0583,anonymous,EN,I Agree,Very liberal,Human-generated,Somewhat confident,Q98|Q85|Q62
12/12/2024 16:06,12/12/2024 16:11,IP Address,160.0.202.155,100,273,TRUE,12/12/2024 16:11,R_2g5z4YfuJKMBRTc,,,,,-28.9984,23.9888,anonymous,EN,I Agree,Very conservative,Human-generated,Very confident,Q98|Q80|Q62
12/12/2024 16:11,12/12/2024 16:11,IP Address,91.80.10.165,100,52,TRUE,12/12/2024 16:11,R_8EuB1J22AlWGbyf,,,,,41.8904,12.5126,anonymous,EN,I Agree,Conservative,Human-generated,Somewhat unconfident,Q98|Q87|Q62
12/12/2024 16:12,12/12/2024 16:14,IP Address,91.80.10.165,100,118,TRUE,12/12/2024 16:14,R_2cduAFVNPhd3E0i,,,,,41.8904,12.5126,anonymous,EN,I Agree,Conservative,AI-generated,Somewhat confident,Q98|Q70|Q62
12/12/2024 16:05,12/12/2024 16:27,IP Address,93.226.245.87,100,1325,TRUE,12/12/2024 16:27,R_2P0TtC55QhNNVUR,,,,,51.7308,14.6016,anonymous,EN,I Agree,Conservative,AI-generated,Very confident,Q98|Q83|Q62
12/12/2024 16:30,12/12/2024 16:33,IP Address,102.182.185.156,100,145,TRUE,12/12/2024 16:33,R_8bW22yEDOQlLBX2,,,,,-33.91,18.4304,anonymous,EN,I Agree,Very liberal,AI-generated,Somewhat confident,Q98|Q94|Q62
12/12/2024 22:23,12/12/2024 22:24,IP Address,105.245.96.97,100,29,TRUE,12/12/2024 22:24,R_8dMwwGDYEqEQu7H,,,,,-25.7599,28.2604,anonymous,EN,I Agree,Very liberal,AI-generated,Very confident,Q98|Q111|Q62
12/12/2024 22:23,12/12/2024 22:24,IP Address,83.168.77.0,100,44,TRUE,12/12/2024 22:24,R_25TKvcsPdudTMMa,,,,,51.086,16.9897,anonymous,EN,I Agree,Neutral,Human-generated,Somewhat confident,Q98|Q113|Q62
12/12/2024 22:23,12/12/2024 22:24,IP Address,197.184.182.201,100,60,TRUE,12/12/2024 22:24,R_8cAu9PqYGeVWmxv,,,,,-26.2309,28.0583,anonymous,EN,I Agree,Conservative,AI-generated,Very confident,Q98|Q102|Q62
12/12/2024 22:23,12/12/2024 22:24,IP Address,41.150.217.161,100,52,TRUE,12/12/2024 22:24,R_8nr8EIroCnvx8Pt,,,,,-25.7599,28.2604,anonymous,EN,I Agree,Very liberal,Human-generated,Very confident,Q98|Q104|Q62
12/12/2024 22:23,12/12/2024 22:25,IP Address,41.122.80.184,100,88,TRUE,12/12/2024 22:25,R_8yQpgqQgvLfSxRn,,,,,-29.8556,31.0449,anonymous,EN,I Agree,Liberal,AI-generated,Very confident,Q98|Q107|Q62
12/12/2024 22:24,12/12/2024 22:25,IP Address,197.229.0.103,100,68,TRUE,12/12/2024 22:25,R_8oF19WA8Wab8kjG,,,,,-33.91,18.4304,anonymous,EN,I Agree,Conservative,Human-generated,Very confident,Q98|Q119|Q62
12/12/2024 22:24,12/12/2024 22:25,IP Address,169.255.146.70,100,52,TRUE,12/12/2024 22:25,R_2n88YNfDCqsdr1Y,,,,,-33.91,18.4304,anonymous,EN,I Agree,Conservative,Human-generated,Very confident,Q98|Q116|Q62
12/12/2024 22:24,12/12/2024 22:25,IP Address,68.151.198.37,100,71,TRUE,12/12/2024 22:25,R_13f0xMgIwkdTYn5,,,,,53.655,-113.3784,anonymous,EN,I Agree,Conservative,Human-generated,Somewhat unconfident,Q98|Q104|Q62
12/12/2024 22:24,12/12/2024 22:25,IP Address,197.221.102.30,100,46,TRUE,12/12/2024 22:25,R_8Xb8UlLKh7u1t5A,,,,,-26.2309,28.0583,anonymous,EN,I Agree,Liberal,AI-generated,Somewhat confident,Q98|Q118|Q62
12/12/2024 22:24,12/12/2024 22:25,IP Address,102.218.228.157,100,38,TRUE,12/12/2024 22:25,R_8juIzJIUnyosxD0,,,,,-25.7848,29.4633,anonymous,EN,I Agree,Liberal,Human-generated,Somewhat confident,Q98|Q101|Q62
12/12/2024 22:24,12/12/2024 22:25,IP Address,95.250.82.122,100,35,TRUE,12/12/2024 22:25,R_8m4KakMoR7d1zVf,,,,,39.2074,9.1095,anonymous,EN,I Agree,Conservative,AI-generated,Very confident,Q98|Q115|Q62
12/12/2024 22:24,12/12/2024 22:25,IP Address,177.230.78.191,100,62,TRUE,12/12/2024 22:25,R_5GKaQcxS5JBjyMz,,,,,25.758,-108.9984,anonymous,EN,I Agree,Neutral,AI-generated,Very confident,Q98|Q116|Q62
12/12/2024 22:23,12/12/2024 22:25,IP Address,41.145.197.53,100,101,TRUE,12/12/2024 22:25,R_8EGE8qQCfRvUuRu,,,,,-26.2309,28.0583,anonymous,EN,I Agree,Liberal,Human-generated,Somewhat confident,Q98|Q110|Q62
12/12/2024 22:24,12/12/2024 22:25,IP Address,105.245.98.207,100,53,TRUE,12/12/2024 22:25,R_8Fm4KcPczZGnDHG,,,,,-25.7599,28.2604,anonymous,EN,I Agree,Conservative,Human-generated,Very confident,Q98|Q119|Q62
12/12/2024 22:24,12/12/2024 22:25,IP Address,41.145.192.102,100,64,TRUE,12/12/2024 22:25,R_2uR8ohhE6gxPmSJ,,,,,-26.2309,28.0583,anonymous,EN,I Agree,Conservative,Human-generated,Somewhat confident,Q98|Q116|Q62
12/12/2024 22:23,12/12/2024 22:25,IP Address,223.29.140.89,100,134,TRUE,12/12/2024 22:25,R_1Eqe9CD0Lj3GwEx,,,,,37.751,-97.822,anonymous,EN,I Agree,Very conservative,AI-generated,Very confident,Q98|Q115|Q62
12/12/2024 22:25,12/12/2024 22:25,IP Address,70.70.230.79,100,31,TRUE,12/12/2024 22:25,R_6yxlLcmaEujhndD,,,,,49.1378,-122.8521,anonymous,EN,I Agree,Very liberal,AI-generated,Somewhat confident,Q98|Q104|Q62
12/12/2024 22:24,12/12/2024 22:25,IP Address,41.56.189.195,100,78,TRUE,12/12/2024 22:25,R_2hDMIFO3nVXj21j,,,,,-33.91,18.4304,anonymous,EN,I Agree,Liberal,AI-generated,Somewhat confident,Q98|Q111|Q62
12/12/2024 22:24,12/12/2024 22:26,IP Address,75.152.31.67,100,71,TRUE,12/12/2024 22:26,R_6lGOTYL70U6J8T3,,,,,48.8313,-64.4775,anonymous,EN,I Agree,Conservative,AI-generated,Somewhat confident,Q98|Q103|Q62
12/12/2024 22:24,12/12/2024 22:26,IP Address,105.245.36.53,100,117,TRUE,12/12/2024 22:26,R_2VPhNoIZirIAL02,,,,,-26.0964,27.991,anonymous,EN,I Agree,Very liberal,Human-generated,Somewhat confident,Q98|Q113|Q62
12/12/2024 22:24,12/12/2024 22:26,IP Address,189.152.65.196,100,101,TRUE,12/12/2024 22:26,R_5dmvnu1BYCJLCE9,,,,,25.5011,-100.2383,anonymous,EN,I Agree,Neutral,AI-generated,Somewhat confident,Q98|Q108|Q62
12/12/2024 22:25,12/12/2024 22:26,IP Address,81.102.148.70,100,25,TRUE,12/12/2024 22:26,R_2Y5Gm8sah9dLnhs,,,,,51.5927,-2.9637,anonymous,EN,I Agree,Conservative,AI-generated,Very confident,Q98|Q119|Q62
12/12/2024 22:24,12/12/2024 22:26,IP Address,78.88.119.197,100,103,TRUE,12/12/2024 22:26,R_23r0XV7CbgPuRjz,,,,,52.4215,16.9044,anonymous,EN,I Agree,Conservative,Human-generated,Neutral,Q98|Q102|Q62
12/12/2024 22:25,12/12/2024 22:26,IP Address,41.13.72.112,100,52,TRUE,12/12/2024 22:26,R_2OSYm7AmAlN3mP4,,,,,-25.7599,28.2604,anonymous,EN,I Agree,Liberal,Human-generated,Somewhat confident,Q98|Q110|Q62
12/12/2024 22:23,12/12/2024 22:26,IP Address,187.154.106.149,100,179,TRUE,12/12/2024 22:26,R_5dzqJ9mvPqdGOR9,,,,,18.0161,-92.9008,anonymous,EN,I Agree,Conservative,Human-generated,Somewhat confident,Q98|Q104|Q62
12/12/2024 22:24,12/12/2024 22:26,IP Address,105.1.93.66,100,124,TRUE,12/12/2024 22:26,R_8NKVCF9fADT00ud,,,,,-29.8556,31.0449,anonymous,EN,I Agree,Conservative,Human-generated,Very confident,Q98|Q102|Q62
12/12/2024 22:25,12/12/2024 22:26,IP Address,197.184.176.180,100,98,TRUE,12/12/2024 22:26,R_2Hu0eovq1TS9trk,,,,,-26.2309,28.0583,anonymous,EN,I Agree,Neutral,Human-generated,Somewhat confident,Q98|Q103|Q62
12/12/2024 22:26,12/12/2024 22:26,IP Address,105.12.7.239,100,49,TRUE,12/12/2024 22:26,R_8NJyjepqGf9eJCA,,,,,-26.2309,28.0583,anonymous,EN,I Agree,Very liberal,Human-generated,Very confident,Q98|Q119|Q62
12/12/2024 22:25,12/12/2024 22:26,IP Address,201.146.236.220,100,80,TRUE,12/12/2024 22:26,R_3jvUxgnRHbnraUV,,,,,31.6897,-106.3887,anonymous,EN,I Agree,Neutral,Human-generated,Somewhat unconfident,Q98|Q118|Q62
12/12/2024 22:23,12/12/2024 22:26,IP Address,114.49.57.102,100,179,TRUE,12/12/2024 22:27,R_4pYl0m03NPhkZof,,,,,35.6897,139.6895,anonymous,EN,I Agree,Conservative,AI-generated,Very confident,Q98|Q102|Q62
12/12/2024 22:25,12/12/2024 22:27,IP Address,175.176.11.142,100,84,TRUE,12/12/2024 22:27,R_40IUwEzhKCB1asp,,,,,14.5955,120.9721,anonymous,EN,I Agree,Conservative,Human-generated,Very confident,Q98|Q117|Q62
12/12/2024 22:25,12/12/2024 22:27,IP Address,184.99.44.252,100,64,TRUE,12/12/2024 22:27,R_3qOiQCeUxDdfRRL,,,,,38.9203,-104.7005,anonymous,EN,I Agree,Conservative,AI-generated,Somewhat confident,Q98|Q109|Q62
12/12/2024 22:26,12/12/2024 22:27,IP Address,41.122.40.45,100,32,TRUE,12/12/2024 22:27,R_8I61OJZlajh3uHn,,,,,-26.2309,28.0583,anonymous,EN,I Agree,Neutral,AI-generated,Somewhat confident,Q98|Q101|Q62
12/12/2024 22:25,12/12/2024 22:27,IP Address,105.12.0.228,100,117,TRUE,12/12/2024 22:27,R_27NXRB1XJgarYcG,,,,,-26.2309,28.0583,anonymous,EN,I Agree,Very conservative,Human-generated,Very unconfident,Q98|Q119|Q62
12/12/2024 22:26,12/12/2024 22:27,IP Address,105.245.114.96,100,60,TRUE,12/12/2024 22:27,R_2S34pXkXftwqv9N,,,,,-25.7599,28.2604,anonymous,EN,I Agree,Very conservative,AI-generated,Somewhat confident,Q98|Q111|Q62
12/12/2024 22:26,12/12/2024 22:27,IP Address,41.150.227.253,100,42,TRUE,12/12/2024 22:27,R_8DJdhnZ5w10ufTN,,,,,-26.0964,27.991,anonymous,EN,I Agree,Conservative,AI-generated,Very confident,Q98|Q116|Q62
12/12/2024 22:25,12/12/2024 22:27,IP Address,31.152.227.80,100,84,TRUE,12/12/2024 22:27,R_89glDiWPqgsEd4N,,,,,40.6439,22.9358,anonymous,EN,I Agree,Neutral,Human-generated,Neutral,Q98|Q118|Q62
12/12/2024 22:25,12/12/2024 22:27,IP Address,165.165.109.180,100,100,TRUE,12/12/2024 22:27,R_2IPEcXphGQWru9o,,,,,-26.0964,27.991,anonymous,EN,I Agree,Neutral,Human-generated,Very confident,Q98|Q105|Q62
12/12/2024 22:26,12/12/2024 22:27,IP Address,177.228.117.213,100,77,TRUE,12/12/2024 22:27,R_6k5YyYpIxWn5j8d,,,,,24.5724,-107.4706,anonymous,EN,I Agree,Conservative,AI-generated,Somewhat confident,Q98|Q107|Q62
12/12/2024 22:26,12/12/2024 22:27,IP Address,197.184.95.123,100,82,TRUE,12/12/2024 22:27,R_23au4v3ho81o8Lv,,,,,-25.7599,28.2604,anonymous,EN,I Agree,Liberal,AI-generated,Very confident,Q98|Q102|Q62
12/12/2024 22:24,12/12/2024 22:27,IP Address,102.32.101.177,100,209,TRUE,12/12/2024 22:27,R_8XVJKwiHhAknTwJ,,,,,-25.7599,28.2604,anonymous,EN,I Agree,Conservative,AI-generated,Neutral,Q98|Q104|Q62
12/12/2024 22:26,12/12/2024 22:27,IP Address,209.195.112.250,100,85,TRUE,12/12/2024 22:27,R_1yTrVaqVXIFmOFX,,,,,43.4325,-80.4995,anonymous,EN,I Agree,Neutral,AI-generated,Somewhat confident,Q98|Q108|Q62
12/12/2024 22:25,12/12/2024 22:27,IP Address,41.144.100.131,100,125,TRUE,12/12/2024 22:27,R_2JFLFAfOeXadSsL,,,,,-29.8556,31.0449,anonymous,EN,I Agree,Neutral,AI-generated,Very confident,Q98|Q118|Q62
12/12/2024 22:25,12/12/2024 22:27,IP Address,102.22.192.66,100,111,TRUE,12/12/2024 22:27,R_2bWm7f4L4UWNWcF,,,,,-25.7599,28.2604,anonymous,EN,I Agree,Liberal,AI-generated,Neutral,Q98|Q106|Q62
12/12/2024 22:26,12/12/2024 22:27,IP Address,84.251.167.17,100,97,TRUE,12/12/2024 22:27,R_8Rpp5DrR7FQWNlD,,,,,62.2406,25.7467,anonymous,EN,I Agree,Neutral,AI-generated,Somewhat unconfident,Q98|Q115|Q62
12/12/2024 22:26,12/12/2024 22:27,IP Address,105.12.3.249,100,75,TRUE,12/12/2024 22:27,R_8ddm8qTLUUWbPX7,,,,,-26.2309,28.0583,anonymous,EN,I Agree,Liberal,AI-generated,Neutral,Q98|Q119|Q62
12/12/2024 22:25,12/12/2024 22:27,IP Address,118.235.94.137,100,128,TRUE,12/12/2024 22:27,R_4irpmZvywq1OHZH,,,,,36.3653,127.4405,anonymous,EN,I Agree,Conservative,AI-generated,Somewhat confident,Q98|Q108|Q62
12/12/2024 22:26,12/12/2024 22:27,IP Address,165.165.108.121,100,86,TRUE,12/12/2024 22:27,R_810FNQ3PmjV6ae5,,,,,-26.0964,27.991,anonymous,EN,I Agree,Neutral,Human-generated,Somewhat confident,Q98|Q116|Q62
12/12/2024 22:24,12/12/2024 22:28,IP Address,41.132.35.194,100,197,TRUE,12/12/2024 22:28,R_2R9OX3IXfdOiJTX,,,,,-26.2309,28.0583,anonymous,EN,I Agree,Conservative,AI-generated,Somewhat confident,Q98|Q111|Q62
12/12/2024 22:24,12/12/2024 22:28,IP Address,102.215.32.230,100,218,TRUE,12/12/2024 22:28,R_8U0pB0nZrnaeWKU,,,,,1,38,anonymous,EN,I Agree,Very conservative,Human-generated,Very confident,Q98|Q110|Q62
12/12/2024 22:28,12/12/2024 22:28,IP Address,102.22.192.66,100,21,TRUE,12/12/2024 22:28,R_8rU8zsPvtpfTNpP,,,,,-25.7599,28.2604,anonymous,EN,I Agree,Liberal,AI-generated,Neutral,Q98|Q106|Q62
12/12/2024 22:26,12/12/2024 22:28,IP Address,41.121.51.90,100,123,TRUE,12/12/2024 22:28,R_8yaoHczd1zB7Mxq,,,,,-25.7599,28.2604,anonymous,EN,I Agree,Conservative,AI-generated,Somewhat confident,Q98|Q106|Q62
12/12/2024 22:24,12/12/2024 22:28,IP Address,41.144.101.189,100,221,TRUE,12/12/2024 22:28,R_2QLsiMo3rniW9yn,,,,,-29.8556,31.0449,anonymous,EN,I Agree,Liberal,Human-generated,Very confident,Q98|Q99|Q62
12/12/2024 22:26,12/12/2024 22:28,IP Address,80.215.253.212,100,108,TRUE,12/12/2024 22:28,R_86bZYSBOE10bdxz,,,,,48.8323,2.4075,anonymous,EN,I Agree,Liberal,AI-generated,Somewhat confident,Q98|Q101|Q62
12/12/2024 22:26,12/12/2024 22:28,IP Address,152.78.0.24,100,110,TRUE,12/12/2024 22:28,R_2n0rbpIl4XoaxJH,,,,,50.9469,-1.4112,anonymous,EN,I Agree,Liberal,AI-generated,Somewhat confident,Q98|Q100|Q62
12/12/2024 22:27,12/12/2024 22:28,IP Address,102.216.75.216,100,108,TRUE,12/12/2024 22:28,R_82KBm3gNNg6XpdI,,,,,-32.896,17.9837,anonymous,EN,I Agree,Neutral,Human-generated,Very confident,Q98|Q119|Q62
12/12/2024 22:25,12/12/2024 22:28,IP Address,41.116.152.102,100,218,TRUE,12/12/2024 22:28,R_2MUojtJYiWG6bfj,,,,,-34.0486,18.4811,anonymous,EN,I Agree,Neutral,AI-generated,Neutral,Q98|Q116|Q62
12/12/2024 22:26,12/12/2024 22:28,IP Address,41.144.2.96,100,156,TRUE,12/12/2024 22:28,R_83jdBEd7xnBvwXJ,,,,,-29.8556,31.0449,anonymous,EN,I Agree,Conservative,Human-generated,Somewhat confident,Q98|Q110|Q62
12/12/2024 22:28,12/12/2024 22:29,IP Address,118.235.94.137,100,63,TRUE,12/12/2024 22:29,R_4R3O67ubR0QzAhl,,,,,36.3653,127.4405,anonymous,EN,I Agree,Conservative,AI-generated,Somewhat confident,Q98|Q106|Q62
12/12/2024 22:26,12/12/2024 22:29,IP Address,83.59.232.225,100,171,TRUE,12/12/2024 22:29,R_8KqFaRzeieVGf7w,,,,,28.0932,-15.4574,anonymous,EN,I Agree,Neutral,Human-generated,Neutral,Q98|Q101|Q62
12/12/2024 22:26,12/12/2024 22:29,IP Address,41.13.4.214,100,161,TRUE,12/12/2024 22:29,R_2SqpwnpsHyF3epa,,,,,-26.2309,28.0583,anonymous,EN,I Agree,Neutral,AI-generated,Very confident,Q98|Q102|Q62
12/12/2024 22:29,12/12/2024 22:29,IP Address,41.121.51.90,100,29,TRUE,12/12/2024 22:29,R_8hrN4unrfjF2eSV,,,,,-25.7599,28.2604,anonymous,EN,I Agree,Neutral,AI-generated,Very confident,Q98|Q120|Q62
12/12/2024 22:26,12/12/2024 22:32,IP Address,41.121.79.71,100,332,TRUE,12/12/2024 22:32,R_8qKHAcw4KVFx8zf,,,,,-25.7599,28.2604,anonymous,EN,I Agree,Very conservative,Human-generated,Somewhat confident,Q98|Q106|Q62
12/12/2024 22:29,12/12/2024 22:32,IP Address,211.119.150.211,100,176,TRUE,12/12/2024 22:32,R_4i1xI6hdn93cmWZ,,,,,36.8242,127.1293,anonymous,EN,I Agree,Liberal,Human-generated,Neutral,Q98|Q114|Q62
12/12/2024 22:26,12/12/2024 22:32,IP Address,82.141.164.219,100,387,TRUE,12/12/2024 22:32,R_82o2hzTgi0SlVyh,,,,,47.5636,19.0947,anonymous,EN,I Agree,Neutral,Human-generated,Neutral,Q98|Q102|Q62
12/12/2024 22:26,12/12/2024 22:33,IP Address,105.245.108.222,100,413,TRUE,12/12/2024 22:33,R_2EheRIft46sgA7L,,,,,-25.7599,28.2604,anonymous,EN,I Agree,Conservative,AI-generated,Very confident,Q98|Q102|Q62
12/12/2024 22:32,12/12/2024 22:34,IP Address,211.119.150.211,100,92,TRUE,12/12/2024 22:34,R_4ET3XOT0EeoEGoT,,,,,36.8242,127.1293,anonymous,EN,I Agree,Liberal,Human-generated,Neutral,Q98|Q108|Q62
12/12/2024 22:31,12/12/2024 22:35,IP Address,41.122.40.52,100,216,TRUE,12/12/2024 22:35,R_8aLic38LQ0nEZwJ,,,,,-26.2309,28.0583,anonymous,EN,I Agree,Very conservative,Human-generated,Somewhat confident,Q98|Q111|Q62
12/12/2024 22:34,12/12/2024 22:37,IP Address,41.122.195.30,100,203,TRUE,12/12/2024 22:37,R_2PyShqmgu3gGnxC,,,,,-29.8556,31.0449,anonymous,EN,I Agree,Conservative,Human-generated,Somewhat confident,Q98|Q106|Q62
12/12/2024 22:36,12/12/2024 22:38,IP Address,41.90.5.5,100,121,TRUE,12/12/2024 22:38,R_2onMsyZsr7CLNBf,,,,,-1.2841,36.8155,anonymous,EN,I Agree,Liberal,AI-generated,Somewhat confident,Q98|Q119|Q62
